{"loss": 0.2719741463661194, "accuracy": 0.9021000266075134}