{"loss": 0.26834049820899963, "accuracy": 0.9042999744415283}