{"loss": 0.26395416259765625, "accuracy": 0.9067999720573425}