{"loss": 0.23858867585659027, "accuracy": 0.9139000177383423}