{"loss": 0.44021186232566833, "accuracy": 0.8435999751091003}