{"loss": 0.2598496973514557, "accuracy": 0.9035999774932861}