{"loss": 0.25934478640556335, "accuracy": 0.9060999751091003}