{"loss": 0.31246164441108704, "accuracy": 0.8956999778747559}