epoch,loss,accuracy
1,0.6628239154815674,0.7701500058174133
2,0.4369959235191345,0.8496166467666626
3,0.3889024555683136,0.8656499981880188
4,0.3572550117969513,0.8752333521842957
5,0.33887341618537903,0.8812833428382874
6,0.32173773646354675,0.8862166404724121
7,0.3082239627838135,0.8907999992370605
8,0.2936913073062897,0.8960166573524475
9,0.2830723822116852,0.8983333110809326
10,0.2773610055446625,0.9000833630561829
