epoch,loss,accuracy
1,0.640207827091217,0.7795166373252869
2,0.42212793231010437,0.854616641998291
3,0.3670732378959656,0.8726166486740112
4,0.3403294086456299,0.8795333504676819
5,0.31662607192993164,0.8890166878700256
6,0.298711895942688,0.8935166597366333
7,0.28699976205825806,0.8983666896820068
8,0.27304932475090027,0.9018166661262512
9,0.2619711458683014,0.9041666388511658
10,0.25169631838798523,0.9093000292778015
