epoch,loss,accuracy
1,0.5282301306724548,0.8154833316802979
2,0.3473831117153168,0.8788833618164062
3,0.3053528070449829,0.8914333581924438
4,0.2811446487903595,0.8992000222206116
5,0.2614401578903198,0.9053833484649658
6,0.24727444350719452,0.9103833436965942
7,0.23193886876106262,0.9150833487510681
8,0.22121268510818481,0.9188500046730042
9,0.21267637610435486,0.9223666787147522
10,0.2043711096048355,0.9249666929244995
