epoch,loss,accuracy
1,0.7654226422309875,0.7377166748046875
2,0.49017786979675293,0.830133318901062
3,0.4266236126422882,0.852316677570343
4,0.39051303267478943,0.86285001039505
5,0.36781635880470276,0.8692833185195923
6,0.35079845786094666,0.8757333159446716
7,0.3329680263996124,0.8819166421890259
8,0.3223503530025482,0.8835999965667725
9,0.30977022647857666,0.888700008392334
10,0.2984760105609894,0.8914166688919067
