epoch,loss,accuracy
1,0.7943581938743591,0.6987166404724121
2,0.6471782326698303,0.7580833435058594
3,0.6212461590766907,0.769266664981842
4,0.6061748266220093,0.7742666602134705
5,0.5980571508407593,0.7772666811943054
6,0.5850862264633179,0.7817000150680542
7,0.5811702609062195,0.7836499810218811
8,0.5707773566246033,0.786633312702179
9,0.5675718784332275,0.788349986076355
10,0.5569908618927002,0.7911999821662903
