epoch,loss,accuracy
1,0.6362394690513611,0.7782666683197021
2,0.4108120799064636,0.8578000068664551
3,0.35997268557548523,0.875249981880188
4,0.3318907916545868,0.8830166459083557
5,0.30834925174713135,0.8901833295822144
6,0.2953875958919525,0.8948833346366882
7,0.28244438767433167,0.8991000056266785
8,0.2720727324485779,0.902733325958252
9,0.26401835680007935,0.9038000106811523
10,0.25407490134239197,0.9090499877929688
