epoch,loss,accuracy
1,0.6441575288772583,0.7774999737739563
2,0.4171449542045593,0.8572333455085754
3,0.3627913296222687,0.874833345413208
4,0.33280330896377563,0.8834499716758728
5,0.3132092356681824,0.8890166878700256
6,0.297737181186676,0.8944500088691711
7,0.27932870388031006,0.900600016117096
8,0.27078041434288025,0.9032833576202393
9,0.26020023226737976,0.9067333340644836
10,0.25126978754997253,0.909333348274231
